post_id,category,content
67b496a13ea61f15b2605104,Unknown,I like working here ?
67b4962b3ea61f15b26050fc,Unknown,what is your name?
67b4960e3ea61f15b26050f4,Unknown,what is your name?
67b495643ea61f15b26050e6,Unknown,my name is working
67b4955f3ea61f15b26050e4,Unknown,my name is working
67b3af199d1ba86f0fd6b1fd,Unknown,this is new post
67b38b2e72ef6de070555a43,Unknown,the newest post .
67b35ef739697a50ddd6c1a4,Unknown,working with working
67b3546411b0edb5bc8d3ed0,Unknown,maths for maths
67b33e9e5e3a1a909ee6ad6a,Unknown,second
67b2f36f6d69cdd528d62e0f,Unknown,guys holy ly I can 
67b2f1e16d69cdd528d62e0b,Unknown,guys hoy
67b2f1406d69cdd528d62e07,Unknown,yhh
67b2ef726d69cdd528d62dff,Unknown,yhh
67b2d1d45c91c01086a5b7c1,Unknown,hi every one
67b221075f67775406181a86,Unknown,hi every one
67b220815f67775406181a84,Unknown,hi every one
67b220655f67775406181a82,Unknown,hi every one
67b21833117d12de15217dd2,Unknown,This is a sample post content.
67b2181e117d12de15217dcf,Unknown,This is a sample post content.
67b216f9117d12de15217dcc,Unknown,hi every one
67b20d48b0ef7a44b3a6339d,Unknown,hi every one
67b1931b9f893726d64676a2,Unknown,second
67b0d3479e22f33f4df942ad,Unknown,hi every one
67b0d2e69e22f33f4df942ab,Unknown,hi every one
67b0d17a9e22f33f4df942a9,Unknown,hi every one
67af498c21d0f248725f4054,Unknown,This is a sample post content.
67af498421d0f248725f4052,Unknown,This is a sample post content.
67af491421d0f248725f4050,Unknown,This is a sample post content.
67af48e021d0f248725f404e,Unknown,This is a sample post content.
67af48d921d0f248725f404c,Unknown,This is a sample post content.
67af48a421d0f248725f404a,Unknown,This is a sample post content.
67af489b21d0f248725f4048,Unknown,This is a sample post content.
67af486821d0f248725f4046,Unknown,This is a sample post content.
67af23d2f6d6cd228e8cd302,Unknown,This is a sample post content.
67af236af6d6cd228e8cd300,Unknown,This is a sample post content.
67af2317f6d6cd228e8cd2fe,Unknown,This is a sample post content.
67af22b5f6d6cd228e8cd2fc,Unknown,This is a sample post content.
67af227df6d6cd228e8cd2fa,Unknown,This is a sample post content.
67af21eff6d6cd228e8cd2f8,Unknown,This is a sample post content.
67af21b6f6d6cd228e8cd2f6,Unknown,This is a sample post content.
67af2109f6d6cd228e8cd2f4,Unknown,This is a sample post content.
67aea0a5610ae63a3988581a,Unknown,fourth
67aea095610ae63a39885814,Unknown,fourth
67aea088610ae63a3988580e,Unknown,third
67aea07c610ae63a39885808,Unknown,second
67aea06c610ae63a39885802,Unknown,first
67ae9fc3610ae63a398857fc,Unknown,asddfgghhj
67ae9fa3610ae63a398857f6,Unknown,asddfgghhj
67ae9ec6610ae63a398857f0,Unknown,asddfgghhj
67ae9d8a3f14bbe390a98271,Unknown,asddfgghhj
67ae9c88e7c5f85be0f5030c,Unknown,asddfgghhj
67ae9a51e7c5f85be0f5030a,Unknown,asddfgghhj
67ae9a00e7c5f85be0f50308,Unknown,asddfgghhj
67ae98dee2303559c518c692,Unknown,asddfgghhj
67ae98aae2303559c518c690,Unknown,asddfgghhj
67ae4dbd0710f6e9fe40e38d,Unknown,This is a sample post content.
67ae4d360710f6e9fe40e38b,Unknown,This is a sample post content.
67ae4cba0710f6e9fe40e389,Unknown,This is a sample post content.
67ae4c0b0710f6e9fe40e387,Unknown,This is a sample post content.
67ae4af20710f6e9fe40e385,Unknown,This is a sample post content.
67ae4a350710f6e9fe40e383,Unknown,This is a sample post content.
67ae2e433ae894365761272e,Unknown,hi every one
67ae22d7e77cec9fd100f5cd,Unknown,hi every one
67ae219ee77cec9fd100f5cb,Unknown,hi every one
67ae2172e77cec9fd100f5c9,Unknown,hi every one
67ae214be77cec9fd100f5c7,Unknown,hi every one
67ae20f6e77cec9fd100f5c5,Unknown,hi every one
67ae207ae77cec9fd100f5c3,Unknown,hi every one
67ae2061e77cec9fd100f5c1,Unknown,hi every one
67ae2059e77cec9fd100f5bf,Unknown,hi every one
67ae2050e77cec9fd100f5bd,Unknown,hi every one
67ae1fbde77cec9fd100f5bb,Unknown,hi every one
67ae1f38e77cec9fd100f5b9,Unknown,hi every one
67ae1e12e77cec9fd100f5b7,Unknown,hi every one
67ae1931b234bbfbad231fc4,Unknown,hi every one
67ae15f9b234bbfbad231fc2,Unknown,hi every one
67ae15ddb234bbfbad231fc0,Unknown,hi every one
67ae154db234bbfbad231fbe,Unknown,hi every one
67ae152eb234bbfbad231fbc,Unknown,hi every one
67ae1488b234bbfbad231fba,Unknown,hi every one
67ae1408b234bbfbad231fb8,Unknown,hi every one
67ae13a1b234bbfbad231fb6,Unknown,hi every one
67ae132bb234bbfbad231fb4,Unknown,hi every one
67ae12a7b234bbfbad231fb2,Unknown,hi every one
67ae1234b234bbfbad231fb0,Unknown,hi every one
67ae120fb234bbfbad231fae,Unknown,hi every one
67ae1074b234bbfbad231fac,Unknown,hi every one
67ae103cb234bbfbad231faa,Unknown,hi every one
67ae1029b234bbfbad231fa8,Unknown,hi every one
67ae0f54b234bbfbad231fa6,Unknown,hi every one
67ae0f24b234bbfbad231fa4,Unknown,hi every one
67ae0e6ab234bbfbad231fa2,Unknown,hi every one
67ae0e3fb234bbfbad231fa0,Unknown,hi every one
67ae0df6b234bbfbad231f9e,Unknown,hi every one
67ae0dc4b234bbfbad231f9c,Unknown,hi every one
67ae0d79b234bbfbad231f9a,Unknown,
67ae0d03b234bbfbad231f98,Unknown,
67ae0d02b234bbfbad231f96,Unknown,
67adf1a472ed54a023cba584,Unknown,This is a sample post content.
67adf0c572ed54a023cba582,Unknown,This is a sample post content.
67adf08172ed54a023cba580,Unknown,This is a sample post content.
67adee9972ed54a023cba57e,Unknown,This is a sample post content.
67adeb0d72ed54a023cba57c,Unknown,This is a sample post content.
67ade94372ed54a023cba57a,Unknown,This is a sample post content.
67ade92772ed54a023cba578,Unknown,This is a sample post content.
67ade7d672ed54a023cba576,Unknown,This is a sample post content.
67ade5ff72ed54a023cba574,Unknown,This is a sample post content.
67add2c0ed46205528d1f055,Unknown,This is a sample post content.
67add26fed46205528d1f053,Unknown,This is a sample post content.
67add246cf0a3aec341307ba,Unknown,asddfgghhj
67add226cf0a3aec341307b8,Unknown,asddfgghhj
67add104cf0a3aec341307b6,Unknown,asddfgghhj
67add047cf0a3aec341307b4,Unknown,asddfgghhj
67adcf9bed46205528d1f051,Unknown,This is a sample post content.
67adcec9cf0a3aec341307b2,Unknown,asddfgghhj
67adce84cf0a3aec341307b0,Unknown,asddfgghhj
67adcd3eed46205528d1f04f,Unknown,This is a sample post content.
67adccbaed46205528d1f04d,Unknown,This is a sample post content.
67adcca2cf0a3aec341307ae,Unknown,asddfgghhj
67adc9ebcf0a3aec341307ac,Unknown,asddfgghhj
67adbc5e07f7135130d56799,Unknown,This is a sample post content.
67adb715baf2b12f3b689ac1,Unknown,This is a sample post content.
67ace912d10675c265a0a0ec,Unknown,This is a sample post content.
67ab5376d3a961ce675cfa95,Unknown,asddfgghhj
67aaf14246f5cb40f6d39adc,Unknown,asddfgghhj
67aa64778c4a676a18601cd6,Unknown,asddfgghhj
67aa641a8c4a676a18601cd4,Unknown,message for as
67aa64138c4a676a18601cd2,Unknown,message for as
67aa64058c4a676a18601cd0,Unknown,message for as
67aa63d48c4a676a18601cce,Unknown,hello this duressa
67aa63828c4a676a18601ccc,Unknown,asddfgghhj
67aa63348c4a676a18601cca,Unknown,asddfgghhj
67aa63128c4a676a18601cc8,Unknown,message for as
67aa63068c4a676a18601cc6,Unknown,message for as
67aa62f78c4a676a18601cc4,Unknown,message for as
67aa62928c4a676a18601cc2,Unknown,asddfgghhj
67aa5cb489bbb5eb328ab74a,Unknown,message for as
67aa5c9d89bbb5eb328ab748,Unknown,message for as
67aa5c9289bbb5eb328ab746,Unknown,message for as
67aa5c3e89bbb5eb328ab744,Unknown,message for as
67aa5c3989bbb5eb328ab742,Unknown,message for as
67aa5c3589bbb5eb328ab740,Unknown,message for as
67aa5c2789bbb5eb328ab73e,Unknown,message for as
67aa5c1d89bbb5eb328ab73c,Unknown,message for as
67aa5bfb89bbb5eb328ab73a,Unknown,message for as
67aa5b7be005e2b1b39dbc2a,Unknown,message for as
67aa5ad5e005e2b1b39dbc28,Unknown,message for as
67aa5ac4e005e2b1b39dbc26,Unknown,message for as
67aa5abce005e2b1b39dbc24,Unknown,message for as
67aa5aa9e005e2b1b39dbc22,Unknown,message for as
67aa5a26e005e2b1b39dbc20,Unknown,message for as
67aa5a20e005e2b1b39dbc1e,Unknown,asddfgghhj
67aa5a1be005e2b1b39dbc1c,Unknown,message for as
67aa5a14e005e2b1b39dbc1a,Unknown,message for as
67aa5a08e005e2b1b39dbc18,Unknown,message for as
67aa59f3e005e2b1b39dbc16,Unknown,message for as
67aa59eee005e2b1b39dbc14,Unknown,message for as
67aa59a9e005e2b1b39dbc12,Unknown,hello this duressa
67aa599be005e2b1b39dbc10,Unknown,hello this duressa
67aa5983e005e2b1b39dbc0e,Unknown,asddfgghhj
67aa5968e005e2b1b39dbc0c,Unknown,message for as
67aa5954e005e2b1b39dbc0a,Unknown,message for as
67aa5950e005e2b1b39dbc08,Unknown,message for as
67aa5948e005e2b1b39dbc06,Unknown,hello message for
67aa5942e005e2b1b39dbc04,Unknown,asddfgghhj
67aa593ae005e2b1b39dbc02,Unknown,hello message for
67aa58a3e005e2b1b39dbc00,Unknown,hello message for
67aa5893e005e2b1b39dbbfe,Unknown,asddfgghhj
67aa3d88eaac84ccfc5899ca,Unknown,hello this duressa
67aa3d81eaac84ccfc5899c8,Unknown,hello this duressa
67aa3d78eaac84ccfc5899c6,Unknown,hello this duressa
67aa3d70eaac84ccfc5899c4,Unknown,hello this duressa
67aa3cfe0a7fe38192194c3f,Unknown,message for as
67aa3ca00a7fe38192194c3d,Unknown,message for as
67aa3c910a7fe38192194c3b,Unknown,hello this duressa
67aa3c8a0a7fe38192194c39,Unknown,hello this duressa
67aa3c820a7fe38192194c37,Unknown,hello this duressa
67aa3c790a7fe38192194c35,Unknown,hello this duressa
67aa3c700a7fe38192194c33,Unknown,hey
67aa3b860a7fe38192194c31,Unknown,hello this duressa
67aa3b7a0a7fe38192194c2f,Unknown,hello this duressa
67aa3b720a7fe38192194c2d,Unknown,hello this duressa
67aa3b690a7fe38192194c2b,Unknown,asddfgghhj
67aa3b5e0a7fe38192194c29,Unknown,hello this duressa
67aa3b570a7fe38192194c27,Unknown,hello this duressa
67aa39c70a7fe38192194c25,Unknown,hello this duressa
67aa39590a7fe38192194c23,Unknown,hello this duressa
67aa39530a7fe38192194c21,Unknown,hello this duressa
67aa39490a7fe38192194c1f,Unknown,hello this duressa
67aa393f0a7fe38192194c1d,Unknown,asddfgghhj
67aa39310a7fe38192194c1b,Unknown,asddfgghhj
67aa38f60a7fe38192194c19,Unknown,hello this duressa
67aa38ed0a7fe38192194c17,Unknown,hello this duressa
67aa38e60a7fe38192194c15,Unknown,hello this duressa
67aa38d80a7fe38192194c13,Unknown,hello this duressa
67aa38d20a7fe38192194c11,Unknown,hello this duressa
67aa38c70a7fe38192194c0f,Unknown,hello this duressa
67aa38c00a7fe38192194c0d,Unknown,hello this duressa
67aa38b80a7fe38192194c0b,Unknown,hello this duressa
67aa38a50a7fe38192194c09,Unknown,hello this duressa
67aa389f0a7fe38192194c07,Unknown,hello this duressa
67aa38990a7fe38192194c05,Unknown,hello this duressa
67aa38920a7fe38192194c03,Unknown,hello this duressa
67aa388b0a7fe38192194c01,Unknown,hello this duressa
67aa387f0a7fe38192194bff,Unknown,hello this duressa
67aa38790a7fe38192194bfd,Unknown,hello this duressa
67aa38720a7fe38192194bfb,Unknown,hello this duressa
67aa38680a7fe38192194bf9,Unknown,hello this duressa
67aa38620a7fe38192194bf7,Unknown,hello this duressa
67aa38590a7fe38192194bf5,Unknown,hello this duressa
67aa38530a7fe38192194bf3,Unknown,hello this duressa
67aa38470a7fe38192194bf1,Unknown,hello this duressa
67aa38310a7fe38192194bef,Unknown,hello this duressa
67aa38290a7fe38192194bed,Unknown,hello this duressa
67aa381d0a7fe38192194beb,Unknown,asddfgghhj
67aa37c770ce79bd1dae8020,Unknown,hello this duressa
67aa376f70ce79bd1dae801e,Unknown,hello this duressa
67aa376270ce79bd1dae801c,Unknown,hello this duressa
67aa375670ce79bd1dae801a,Unknown,hello this duressa
67aa370570ce79bd1dae8018,Unknown,hello this duressa
67aa36ff70ce79bd1dae8016,Unknown,hello this duressa
67aa36f470ce79bd1dae8014,Unknown,hello this duressa
67aa36e970ce79bd1dae8012,Unknown,hello this duressa
67aa36e270ce79bd1dae8010,Unknown,hello this duressa
67aa36dd70ce79bd1dae800e,Unknown,hello this duressa
67aa36d270ce79bd1dae800c,Unknown,hello this duressa
67aa36c870ce79bd1dae800a,Unknown,hello this duressa
67aa36c070ce79bd1dae8008,Unknown,hello this duressa
67aa36b570ce79bd1dae8006,Unknown,asddfgghhj
67aa36ac70ce79bd1dae8004,Unknown,hello this duressa
67aa369c70ce79bd1dae8002,Unknown,hello this duressa
67aa369370ce79bd1dae8000,Unknown,hello this duressa
67aa368470ce79bd1dae7ffe,Unknown,hello this duressa
67aa32aec900f0eeaff92125,Unknown,hello this duressa
67aa326cc900f0eeaff92123,Unknown,hello this duressa
67aa31e36dd790becb0c48ba,Unknown,hello this duressa
67aa31db6dd790becb0c48b8,Unknown,hello this duressa
67aa31b36dd790becb0c48b6,Unknown,asddfgghhj
67aa31a96dd790becb0c48b4,Unknown,hello this duressa
67aa319e6dd790becb0c48b2,Unknown,hello this duressa
67aa31986dd790becb0c48b0,Unknown,hello this duressa
67aa318b6dd790becb0c48ae,Unknown,hello this duressa
67aa315d6dd790becb0c48ac,Unknown,hello this duressa
67aa31576dd790becb0c48aa,Unknown,hello this duressa
67aa314f6dd790becb0c48a8,Unknown,hello this duressa
67aa31306dd790becb0c48a6,Unknown,hello this duressa
67aa31286dd790becb0c48a4,Unknown,hello this duressa
67aa311f6dd790becb0c48a2,Unknown,hello this duressa
67aa31176dd790becb0c48a0,Unknown,asddfgghhj
67aa310a6dd790becb0c489e,Unknown,hello this duressa
67aa30ce6dd790becb0c489c,Unknown,hello this duressa
67aa30c36dd790becb0c489a,Unknown,hello this duressa
67aa30ba6dd790becb0c4898,Unknown,hello this duressa
67aa30ac6dd790becb0c4896,Unknown,asddfgghhj
67aa309f6dd790becb0c4894,Unknown,asddfgghhj
67aa308d6dd790becb0c4892,Unknown,hello this duressa
67aa30846dd790becb0c4890,Unknown,hello this duressa
67aa306b6dd790becb0c488e,Unknown,hello this duressa
67aa305f6dd790becb0c488c,Unknown,asddfgghhj
67aa30566dd790becb0c488a,Unknown,hello this duressa
67aa300c6dd790becb0c4888,Unknown,hello this duressa
67aa2ffc6dd790becb0c4886,Unknown,asddfgghhj
67aa2fe36dd790becb0c4884,Unknown,asddfgghhj
67aa2f1a39edafd28981ecd5,Unknown,asddfgghhj
67aa2ef639edafd28981ecd3,Unknown,asddfgghhj
67aa2ef239edafd28981ecd1,Unknown,asddfgghhj
67aa2e0639edafd28981eccf,Unknown,asddfgghhj
67aa2e0239edafd28981eccd,Unknown,asddfgghhj
67aa2dea39edafd28981eccb,Unknown,asddfgghhj
67aa2de039edafd28981ecc9,Unknown,asddfgghhj
67aa2dce39edafd28981ecc7,Unknown,asddfgghhj
67aa2d9439edafd28981ecc5,Unknown,ASDF
67aa2d7339edafd28981ecc3,Unknown,asddfgghhj
67aa2d5a39edafd28981ecc1,Unknown,asddfgghhj
67aa2d4839edafd28981ecbf,Unknown,asddfgghhj
67aa2d4039edafd28981ecbd,Unknown,asddfgghhj
67aa2d3539edafd28981ecbb,Unknown,asddfgghhj
67aa2d2939edafd28981ecb9,Unknown,asddfgghhj
67aa29aec0064a8826abdd00,Unknown,asddfgghhj
67aa2997c0064a8826abdcfe,Unknown,asddfgghhj
67aa2972c0064a8826abdcfc,Unknown,asddfgghhj
67aa2900e83701b86dfefbbf,Unknown,asddfgghhj
67aa28efe83701b86dfefbbd,Unknown,hello this duressa
67aa28dde83701b86dfefbbb,Unknown,hello this duressa
67aa28a2e83701b86dfefbb9,Unknown,asddfgghhj
67aa2899e83701b86dfefbb7,Unknown,asddfgghhj
67aa287ee83701b86dfefbb5,Unknown,asddfgghhj
67aa285de83701b86dfefbb3,Unknown,asddfgghhj
67aa283de83701b86dfefbb1,Unknown,work
67aa282ce83701b86dfefbaf,Unknown,work
67aa2828e83701b86dfefbad,Unknown,work
67aa2814e83701b86dfefbab,Unknown,work is good
67aa27fbe83701b86dfefba9,Unknown,work is good
67aa27cde83701b86dfefba7,Unknown,hello
67aa27c3e83701b86dfefba5,Unknown,duressa
67aa27afe83701b86dfefba3,Unknown,hello
67aa279ce83701b86dfefba1,Unknown,h
67aa2792e83701b86dfefb9f,Unknown,hello this is duressa
67aa278be83701b86dfefb9d,Unknown,hello this is duressa
67aa2776e83701b86dfefb9b,Unknown,hello
67aa275ce83701b86dfefb99,Unknown,duressa
67aa2750e83701b86dfefb97,Unknown,duressa
67aa273be83701b86dfefb95,Unknown,hello
67aa2728e83701b86dfefb93,Unknown,hello
67aa271ce83701b86dfefb91,Unknown,awsdrftgh
67aa270de83701b86dfefb8f,Unknown,hello this duressa
67aa2706e83701b86dfefb8d,Unknown,hello this duressa
67aa26f8e83701b86dfefb8b,Unknown,hello this duressa
67aa26dde83701b86dfefb89,Unknown,hello this duressa
67aa26d6e83701b86dfefb87,Unknown,hello this duressa
67aa26c9e83701b86dfefb85,Unknown,hello this duressa
67aa26b4e83701b86dfefb83,Unknown,hello this duressa
67aa26ade83701b86dfefb81,Unknown,hello this duressa
67aa26158dbf5cffef3f0b7a,Unknown,hello this duressa
67aa26088dbf5cffef3f0b78,Unknown,hello this duressa
67aa25f28dbf5cffef3f0b76,Unknown,hello this duressa
67aa25bb8dbf5cffef3f0b74,Unknown,hello this duressa
67aa259a8dbf5cffef3f0b72,Unknown,hello this duressa
67aa2473d3a3e8ba7363badd,Unknown,hello this duressa
67aa2469d3a3e8ba7363badb,Unknown,hello this duressa
67aa240bd3a3e8ba7363bad9,Unknown,hello this duressa
67aa2390f8510276e7d220c6,Unknown,hello this duressa
67aa2321ba0b5d1832d1273f,Unknown,hello this duressa
67aa2321ba0b5d1832d1273d,Unknown,hello this duressa
67aa2301ba0b5d1832d1273b,Unknown,hello this duressa
67aa22fbba0b5d1832d12739,Unknown,hello this duressa
67aa22ecba0b5d1832d12737,Unknown,hello this duressa
67aa22ddba0b5d1832d12735,Unknown,hello this duressa
67aa22c9ba0b5d1832d12733,Unknown,asddfgghhj
67aa2246214cc77eac69c796,Unknown,hello this duressa
67aa2238214cc77eac69c794,Unknown,hello this duressa
67aa2230214cc77eac69c792,Unknown,hello this duressa
67aa221e214cc77eac69c790,Unknown,hello this duressa
67aa2207214cc77eac69c78e,Unknown,hello this duressa
67aa209e9572e89f8afb1797,Unknown,hello message for
67aa207e9572e89f8afb1795,Unknown,hello message for
67aa1f249572e89f8afb1793,Unknown,hello message for
67aa1f129572e89f8afb1791,Unknown,hello message for
67aa1efb9572e89f8afb178f,Unknown,asddfgghhj
67aa1ee99572e89f8afb178d,Unknown,asddfgghhj
67aa1ec09572e89f8afb178b,Unknown,hello this duressa
67aa1e9f9572e89f8afb1789,Unknown,hello this duressa
67aa1e959572e89f8afb1787,Unknown,hello this duressa
67aa1e6b9572e89f8afb1785,Unknown,hello this duressa
67aa1dcd26d2891a4a66f971,Unknown,hello this duressa
67aa1dc226d2891a4a66f96f,Unknown,asddfgghhj
67aa1d6d26d2891a4a66f96d,Unknown,message for as
67aa1d5d26d2891a4a66f96b,Unknown,asddfgghhj
67aa1d5126d2891a4a66f969,Unknown,asddfgghhj
67aa1c6091585383f9d56263,Unknown,"ASDFGHJMK,"
67aa1c4091585383f9d56261,Unknown,asdfghj
67aa1c1991585383f9d5625f,Unknown,message for as
67aa1c0d91585383f9d5625d,Unknown,message for as
67aa1bf991585383f9d5625b,Unknown,message for as
67aa1be991585383f9d56259,Unknown,hello we are here
67aa1a5d296091f5d5989699,Unknown,hello message for
67aa1a57296091f5d5989697,Unknown,hello message for
67aa1a4c296091f5d5989695,Unknown,hello this duressa
67aa1a44296091f5d5989693,Unknown,hello this duressa
67aa1a2e296091f5d5989691,Unknown,hello this duressa
67aa1a20296091f5d598968f,Unknown,hello this duressa
67aa1a15296091f5d598968d,Unknown,hello this duressa
67aa1a0e296091f5d598968b,Unknown,hello this duressa
67aa1a03296091f5d5989689,Unknown,hello this duressa
67aa19e0296091f5d5989687,Unknown,hello message for
67aa19d6296091f5d5989685,Unknown,hello message for
67aa19c5296091f5d5989683,Unknown,hello message for
67aa19bb296091f5d5989681,Unknown,hello message for
67aa19a7296091f5d598967f,Unknown,hello this duressa
67aa199f296091f5d598967d,Unknown,hello this duressa
67aa194d296091f5d598967b,Unknown,hello message for
67aa1944296091f5d5989679,Unknown,message for as
67aa193a296091f5d5989677,Unknown,hello message for
67aa192f296091f5d5989675,Unknown,duressa shukuri
67aa191a296091f5d5989673,Unknown,hello message for
67aa1912296091f5d5989671,Unknown,hello message for
67aa18fe296091f5d598966f,Unknown,hello message for
67aa18e1296091f5d598966d,Unknown,hello message for
67aa1885296091f5d598966b,Unknown,message for as
67aa168f296091f5d5989669,Unknown,hello message for
67aa167b296091f5d5989667,Unknown,hello message for
67aa165c296091f5d5989665,Unknown,hello message for
67aa14ab9a869b62ef8e3cb3,Unknown,hello message for
67aa149d9a869b62ef8e3cb1,Unknown,hello message for
67aa112df143dccfcacd610c,Unknown,message for as
67aa108b8e445b667a6b6a93,Unknown,message for as
67aa10578e445b667a6b6a91,Unknown,hello message for
67aa104a8e445b667a6b6a8f,Unknown,message for as
67aa101d8e445b667a6b6a8d,Unknown,asddfgghhj
67aa0a8bffd022c1a0d12214,Unknown,hello message for
67aa0a249cb792fe6af0a61c,Unknown,asddfgghhj
67aa09289cb792fe6af0a61a,Unknown,hello message for
67aa08fe9cb792fe6af0a618,Unknown,hello message for
67aa08079cb792fe6af0a616,Unknown,asdfg asdfgh
67aa055d0a8057516f8307f4,Unknown,asddfgghhj
67aa042b31d21b0de389c696,Unknown,asddfgghhj
67aa03bc66661729878fb41f,Unknown,asddfgghhj
67aa01df1129144ee16da16f,Unknown,asddfgghhj
67a9ffec1611c1fa4b89986e,Unknown,asddfgghhj
67a9d3866514eb308974471e,Unknown,asddfgghhj
67a9d3816514eb308974471c,Unknown,asddfgghhj
67a9d35e6514eb308974471a,Unknown,asddfgghhj
67a9d34c6514eb3089744718,Unknown,asddfgghhj
67a9d27b1c3a9f11bf02b360,Unknown,asddfgghhj
67a9cd4c560c6af93f4e1ef5,Unknown,asddfgghhj
67a9ccb0560c6af93f4e1ef3,Unknown,asddfgghhj
67a9cc1dcef2202fd429a084,Unknown,asddfgghhj
67a9caf93cec95d8eb7b9367,Unknown,asddfgghhj
67a9c8df385cc8daeb30a0b6,Unknown,asddfgghhj
67a9c7fe385cc8daeb30a0b4,Unknown,asddfgghhj
67a9c7a4a8762672f925f0c0,Unknown,asddfgghhj
67a9c703277fe9a20e946b6f,Unknown,asddfgghhj
67a9c69b62ea26d9e115b516,Unknown,asddfgghhj
67a9c5f862ea26d9e115b514,Unknown,asddfgghhj
67a9c464cd12765d472d4317,Unknown,asddfgghhj
67a9c2ffb9f489602f328e12,Unknown,asddfgghhj
67a9c26f93a9858a06d81d47,Unknown,asddfgghhj
67a9c1c99f35a925d362cb44,Unknown,asddfgghhj
67a9bfdb85444831328e1963,Unknown,asddfgghhj
67a8a8c35634cd3fcb826093,Unknown,asddfgghhj
67a8a20eb9e9bc2cd704760d,Unknown,asddfgghhj
67a8a03d24ca3bd3cb90b0fb,Unknown,asddfgghhj
67a899d7ca5a96513fab627b,Unknown,asddfgghhj
67a898e6ed663fad634e476b,Unknown,asddfgghhj
67a89706059d43ca8be56cf5,Unknown,asddfgghhj
67a848779f1ac575202024d5,Unknown,asddfgghhj
67a845c83257b62cf7eb2f90,Unknown,asddfgghhj
67a843128caa3cd4238359d4,Unknown,asddfgghhj
67a77c4b494ca970f4981a35,Unknown,asddfgghhj
67a77908ac37e96bc8a3ce7a,Unknown,asddfgghhj
67a778c8b4e216d9b1bd29a9,Unknown,asddfgghhj
67a7788b445878d8003f36f9,Unknown,asddfgghhj
67a777dc8cd63a9075e0e275,Unknown,asddfgghhj
67a777383f9f72a4b1d488c7,Unknown,asddfgghhj
67a776d5766ca8868f4bf0ee,Unknown,This is wondeful day
67a7705b6340d45096fa4207,Unknown,This is wondeful day
67a76aa9ffb5d1e8176bbedc,Unknown,This is wondeful day
67a76975402000177ee360e9,Unknown,This is wondeful day
67a768bc5d390a35983996a1,Unknown,What amzaing day
67a766521042cd99365546de,Unknown,What amzaing day
67a5d075dc16e91c6e2af228,Unknown,
67a5d22fdc16e91c6e2af22a,Unknown,What amzaing day
67b6216348c6bad89cadf896,Unknown,numbers are 
67b9ff7683c34f1df825a043,Unknown,final
